repo,sha,numTests,testTime,sloc,statementCoverage,branchCoverage,numCommits,ageYears,stars
agarciadom/xeger,f3b8a33b0f4438d639150b57b9a0257d50c71bc2,4,2.43,190,67.78,46.3,41,12.32,93
albfernandez/javadbf,395265f33bcf9080b02f2102c4b6284921cefae2,154,5.7,4056,85.8,73.91,495,21.98,231
alibaba/QLExpress,456476288a9c0691b8890ff361605b1f7357acde,193,14.52,9403,0.0,0.0,411,8.2,5054
almondtools/stringsearchalgorithms,19f26f1c06192816b1ff2fb3b86740898d50a44d,223,6.81,7632,95.1,92.19,250,9.54,45
almson/almson-refcount,ded7fe38d1e84f2af98f1d845d30fcc46aad197b,5,7.5,997,50.6,27.66,19,6.6,20
Antibrumm/jackson-antpathfilter,40f3af16e9a32fec910fadfde144c4b58217d5e7,11,1.84,1100,41.15,31.05,46,10.32,65
asterisk-java/asterisk-java,84d890b8b852b6d3f14768ec651dbb710eacf57b,358,31.24,77432,21.05,23.06,2234,19.34,439
attoparser/attoparser,e1049dcd8261fe315b679029e711a9f5ea03f1cc,16,75.12,20843,75.72,64.65,330,12.69,51
awslabs/route53-infima,cabce497698e41d610a949e8a5e4a0528170382b,20,0.2,1358,0.0,0.0,9,11.55,347
brettwooldridge/SparseBitSet,8b32633706533a1fb828e05415dbdbc2c32f3a31,49,6.51,2791,46.37,44.44,39,12.23,266
chocoteam/choco-graph,f4e7be389df244d4dd9138b81862e98efc9f4603,70,8.78,13017,30.64,28.69,147,10.73,12
romix/java-concurrent-hash-trie-map,03335a9caa6fc867344c8c015d6dfc2d11ab062f,21,4.39,1713,77.44,67.45,67,12.7,151
octavian-h/time-series-math,4fad82278e42307458a9faa46c2f13e2ac9816c6,160,15.27,4178,90.94,85.51,229,9.87,15
codelion/gramtest,355cf41dcf0904e8d28aeb220241df0137c789ca,8,1.8,388,57.86,45.29,114,10.1,86
conveyal/osm-lib,4ff7fef141296ffe1d47a89ad40cefda7311566d,10,10.66,3180,48.65,44.2,162,10.23,40
cowtowncoder/java-uuid-generator,31408f5c088d27766269f905896efe383b38a46e,66,3.65,3685,55.67,43.28,236,15.19,811
danieldk/dictomaton,b23b48ba03ec43c0ce2ef1be85c0cbb8203a87b2,221,6.16,4004,83.67,56.39,142,12.29,130
davidmoten/bplustree,761c1da3772772260520c41d9e9be8405931b4e5,93,17.64,2040,94.04,82.71,374,5.68,47
davidmoten/rtree,f1da3d62dbdab20654b63da91510c51a32e8b8a8,311,10.46,5690,82.93,79.68,1241,10.75,1121
davidmoten/rtree-multi,858da976228add017a4c9180e1e3968a26dedb4c,174,8.62,2852,95.01,90.96,159,5.82,62
davidmoten/rtree2,7da3d606a192321217f6b780b6ab4fdcd8e3e1ed,249,7.69,4010,86.96,80.17,1283,10.75,92
dperezcabrera/jpoker,e771da71c3c5dc25b99355e41491933e78732e3e,318,4.27,4219,13.49,15.72,59,10.37,35
eightbitjim/cassette-nibbler,788a04b49fe3d4c0905bd26109994d4952ad5db2,28,2.23,21034,16.82,16.44,26,8.13,12
ElectronicChartCentre/java-vector-tile,f564aa95050f89e97aad4a0e93d7a9fbce3fcd42,41,3.92,6281,47.68,40.85,146,11.01,195
f4b6a3/uuid-creator,f9e6e6d02ecc8dac16a56e4fab1bd24caec8171c,496,21.77,11054,90.23,68.98,840,7.09,506
flipkart-incubator/databuilderframework,d739c964a4dda5fa212a5c52da61bc39d62ebe3a,83,55.98,2727,64.19,52.41,151,10.9,36
fraunhoferfokus/Fuzzino,75d20f05db8dfbfe035a6df0b9eb7c88703886fc,170,13.72,17983,75.87,56.1,81,12.05,63
fusion-jena/JaroWinklerSimilarity,03266936fa5350724979d78fef4213a20189ed0a,34,14.66,1433,87.37,73.86,47,6.82,19
ghaffarian/progex,b8c75255305ba45dbcf7d895f81f415375edcd5e,11,3.31,22899,68.09,49.63,160,7.66,85
Grundlefleck/ASM-NonClassloadingExtensions,8eb992f35817b2ef884a8dcaa502f829d85e5f90,110,51.65,793,76.1,78.18,88,12.8,10
hlavki/jlemmagen,43f7c636811a1f7fea7ae7db403ec6f3ec60e9b7,1,2.44,1472,69.63,63.69,26,11.59,10
houbb/sensitive-word,344edf54f635c24e036dff4862d19a52603347c7,57,5.16,4013,77.56,58.85,116,5.38,5058
huaban/jieba-analysis,e46e44ba2c7b8534a9b489801f4ce0d38378ad1a,5,4.45,1302,75.55,73.65,111,11.81,2640
indeedeng/vowpal-wabbit-java,3a9a92ac11a69d265656806e84bc9c05d138ef88,16,97.93,3223,54.44,48.85,161,10.33,51
jahlborn/jackcess,22bf8a8642c84fc500f5c66ef59de1f7211f93a3,194,26.6,44613,85.29,77.59,1229,20.13,116
kapoorlabs/kiara,40d11fb7e8d295c374f63d0e3b83d553d5374736,439,10.71,4415,71.16,60.53,98,5.19,13
lexburner/consistent-hash-algorithm,a8e712fee24a1982f263d2f58ec770bfe34ac7e8,2,4.5,371,15.52,53.33,3,6.28,45
MezereonXP/AnomalyDetectTool,03db9e457cb9d1866c82c5d24618fbabcbdf48a8,31,11.63,1680,75.28,81.09,118,7.08,85
mocnik-science/geogrid,702f29dffa36d82edf9744a79400a63fa7dde4db,8,13.95,1470,55.78,49.01,161,7.86,52
myui/btree4j,4688aee221eaf2cf8972556a35cd6c49278ef2e0,7,50.72,8632,31.76,23.84,49,7.45,221
orientechnologies/orientdb-jdbc,1cd2542848bfe411eafda3010a5a79ed9780de3e,41,40.94,3054,30.2,36.18,123,13.8,18
renfei/ik-analyzer,ce4e534d99528270d96639230275a81f4df7e118,5,8.09,3565,39.71,29.81,11,3.06,22
sbesada/java.math.expression.parser,cc92f58f6074b21cf6f5d4056b7f7cc5168f50af,10,13.53,2320,65.43,60.17,64,10.07,40
solita/functional-utils,bf42b0192232c06ae6c50725c352cecca844b3f4,48,1.55,37031,3.06,26.92,308,12.43,23
StarlangSoftware/TurkishPropBank,d99aae1239f782b42b077ce8e1a2b7e8e6ac716f,10,1.94,720,51.67,23.58,74,6.98,6
StarlangSoftware/TurkishSentiNet,636ab8932a35d78033e8e501221c386521a8cbb3,7,2.41,366,81.19,84.21,58,5.75,11
Sweetiee-yi/Jaba,6c5e46516fe63265c2d414ab94f52fe349ac1ebf,6,5.37,754,87.47,76.35,6,6.46,97
wiqer/ef-redis,bf067469f6f632b7b1cb1c17bd1377d1d6784328,7,5.6,7142,12.87,4.71,36,3.63,131
zhoujianling/PointCloudUtilities,300e156f74278522d7fd7edec7ad4ce0307da622,70,6.49,5140,79.37,72.03,206,6.7,36
dakusui/jcunit,5e081ae71f7e1ab8326aed77612a97c983c9dc06,254,10.17,5345,89.85,81.57,212,8.22,82
finmath/finmath-lib,ad5d22e93e335cd88c95f8f2d7ba6336e3947e68,653,1565.47,92687,0.0,0.0,4643,12.19,522
StarlangSoftware/TurkishMorphologicalDisambiguation,bf8dbc2cd835c67178eb896939ad1009b6743486,4,51.74,2953,35.14,48.94,147,6.98,8
StarlangSoftware/TurkishDeasciifier,982c11d344788ed572a392a944a73993f83d5982,5,2.71,394,92.51,85.37,92,6.99,6
StarlangSoftware/TurkishSpellChecker,0b81eabd080b1a12fc94d08b49b7a094785a9601,9,22.11,1481,95.36,86.7,172,6.99,14
spullara/java-future-jdk8,5925719802af19ccc6602651fc243b2ff3726b4b,17,104.87,398,52.4,20.27,82,13.21,19
FasterXML/jackson-core,de2c7328504c0cc1626bd0458ecd6115cf090df2,1423,40.7,51277,0.0,0.0,3022,13.42,2310
cocolian/cocolian-nlp,b82e28238261b12180cdbae11097e320824d87bb,11,7.21,5056,63.7,55.85,9,7.25,22
lukfor/pgs-calc,27fbf7f069e8fded26262094e87fe9d0c6ad6a16,69,33.91,6090,55.27,50.32,348,5.2,28
graphstream/gs-algo,804a9c06bf081c2906f8be30e651c71ba0640f9c,72,18.56,14590,34.91,33.98,482,17.41,108
apache/commons-graph,93d2ba7f11d636b405a1a9135987aa5b81fce00c,160,28.507,10494,84.82,79.09,957,15.11,43
graphstream/gs-core,950b87280075f92a85b564b47ce6522ced5ba53a,149,18.243,48721,90.01,25.46,946,17.41,425
palindromicity/simple-syslog,aea2990ca8e29d027f6514d0993a1ba84662e69f,48,12.936,10592,47.34,39.62,69,7.65,18
andylamp/BPlusTree,7911be7e6606df45ccd981ed685ab5f5afbd7cba,5,418.514,3233,59.19,58.52,54,11.16,177
JetBrains/jetCheck,8a7b755816887ec6ace8ad68b581cbb4c3f46cad,54,5.275,2607,88.43,75.39,61,8.13,91
stackify/stackify-api-java,b0050ca114fdcc1304696c5767f53f2feed339d1,124,23.56,16733,16.09,10.33,216,13.05,6
jenkinsci/cppcheck-plugin,1a76ea423976c22e6284eeb9fde201ae66b3b764,58,101.666,4506,0.0,0.0,369,17.08,49
nuxeo/gatling-report,42566e022030124a6b13b509efc739f725e716b9,12,5.674,1497,58.64,54.91,97,10.65,126
jingpeicomp/id-generator,453d4aa66eb18ed581b17ca11791310c61a68ec0,47,87.448,2550,78.31,56.91,14,7.62,310
jkff/ire,7fc556f73b0a7f21d059463eb153e6629b90b48a,21,3.972,2714,91.03,83.7,41,15.99,54
umbrant/QuantileEstimation,34ea6889570827a79b3f8294812d9390af23b734,1,2.669,356,54.69,50.0,19,14.07,64
javasoze/kamikaze,e904c2672b46d9469ab858541fb5c3cddafb87ff,81,11.082,14371,19.32,31.27,100,16.39,39
meanbeanlib/meanbean,0b082429f28fbe038c31a0502edea545266ddbc3,492,11.138,12057,73.77,58.37,252,15.71,14
genepi/haplogrep3,bef3944f16c26a40e7113ad6fbbaf4f68b14cd90,22,54.342,5965,32.32,31.51,209,3.69,34
mgormley/pacaya,786294cbac7cc65dbc32210c10acc32ed0c69233,512,16.691,33956,69.84,63.73,3004,15.47,45
hankcs/AhoCorasickDoubleArrayTrie,a706e694e091c7d98763083274504a1fe7018c83,9,11.684,880,74.18,72.92,60,11.29,1017
Quickhull3d/quickhull3d,3f80953b86c46385e84730e5d2a1745cbfa12703,2,8.531,2132,67.62,65.77,11,11.73,24
jbossas/jboss-dmr,9984aea09dc27ef0285d7de7425ae95f4acd74ef,432,33.263,92644,82.43,83.09,239,15.55,29
arnohaase/a-foundation,f3eef2ca89d67775f202a4c28140230a6229291e,324,31.063,15029,54.13,52.4,222,12.37,29
zhkl0228/TraceReader,4b34e02c40d2608867cfb62928afda1b784f28c9,3,7.126,1018,61.64,57.01,30,8.83,15
OWASP/url-classifier,8715ef5f8d5623b8023b6c59b931621431188f21,65,14.536,6214,89.88,82.13,67,8.8,21
lrozenblyum/chess,c1e3eba8238eb61849fc53474f9d2d6144543d00,564,15.741,8836,92.4,89.31,2248,13.94,12
rpgleparser/rpgleparser,1cd596ded2edff26f7f82639d5ca7ee51ebbfeb9,401,16.59,77053,39.22,29.13,359,11.42,61
PeterisP/morphology,4ee24a66f44e9cb4c71886160368316b6358135e,352,20.6,14028,62.79,64.11,774,14.2,37
houbb/segment,b376cd9b1061e9345afbcce835dbe8302c5faf68,33,7.127,2414,93.53,82.97,91,6.52,157
eaftan/hprof-parser,849678cca7c69eb8a25a927ad7836ad94bb02aef,4,8.028,1689,75.24,68.9,39,12.45,65
bonnyfone/vectalign,63806ac71ebd5d9472bf97893b3ec6c5741b5735,9,4.072,2626,32.3,48.7,75,10.95,2014
yomorun/hashids-java,039da8c2af0d3ad485b3fa57afdde56248f641f3,17,3.321,447,81.29,68.48,113,12.26,1031
thegedge/java-radix-tree,92498d5b084fdc9dba840ded3fd1f8dcd1724dce,10,4.472,625,71.15,63.83,3,13.82,34
tdunning/bandit-ranking,2c637a9a71e53ed3c7f70e1fc8450a54b2f8e483,10,9.481,1051,31.79,26.0,16,13.25,51
Kuangcp/NettyBook2,2a8472cc970f91c8d7d8c93b6436c3d2370a3e30,2,10.584,6193,0.8,0.0,10,8.34,12
thorstenwagner/TraJ,505fafb1f2f77a2d67bb2a089a2fdebe2c9bc7cb,84,15.287,5657,31.09,24.67,231,10.63,11
themadcreator/rabinfingerprint,99588e208586c81f0560fa9caafe01345e547c22,5,12.586,1960,27.47,21.07,37,14.14,60
casbin/jcasbin,58dfd3981065fc05eefc62bda7f378bbe39bd685,264,89.452,11330,75.36,68.54,559,8.86,2644
